<PAMDataset>
  <SRS dataAxisToSRSAxisMapping="1,2">PROJCS["WGS 84 / UTM zone 38N",GEOGCS["WGS 84",DATUM["WGS_1984",SPHEROID["WGS 84",6378137,298.257223563,AUTHORITY["EPSG","7030"]],AUTHORITY["EPSG","6326"]],PRIMEM["Greenwich",0,AUTHORITY["EPSG","8901"]],UNIT["degree",0.0174532925199433,AUTHORITY["EPSG","9122"]],AUTHORITY["EPSG","4326"]],PROJECTION["Transverse_Mercator"],PARAMETER["latitude_of_origin",0],PARAMETER["central_meridian",45],PARAMETER["scale_factor",0.9996],PARAMETER["false_easting",500000],PARAMETER["false_northing",0],UNIT["metre",1,AUTHORITY["EPSG","9001"]],AXIS["Easting",EAST],AXIS["Northing",NORTH],AUTHORITY["EPSG","32638"]]</SRS>
  <GeoTransform>  5.1077100000000000e+05,  2.9273437500000000e+01,  0.0000000000000000e+00,  6.5664021428571427e+06,  0.0000000000000000e+00, -2.6568080357142858e+01</GeoTransform>
  <Metadata>
    <MDI key="NODATA_VALUES">0 0 0</MDI>
  </Metadata>
  <Metadata domain="IMAGE_STRUCTURE">
    <MDI key="INTERLEAVE">PIXEL</MDI>
  </Metadata>
  <PAMRasterBand band="1">
    <ColorInterp>Gray</ColorInterp>
  </PAMRasterBand>
</PAMDataset>
